SOUTH GEORGIA AND SOUTH SANDWICH ISLANDS;GS;40
SOUTH GEORGIA & SOUTH SANDWICH ISLANDS;GS;38
SOUTH GEORGIA N SOUTH SANDWICH ISLANDS;GS;38
SOUTH GEORGIA / SOUTH SANDWICH ISLANDS;GS;38
SOUTH GEORGIA + SOUTH SANDWICH ISLANDS;GS;38
UNITED STATES MINOR OUTLYING ISLANDS;UM;36
FRENCH SOUTHERN AND ANTARCTIC LANDS;TF;35
SOUTH GEORGIA AND SOUTH SANDWICH IS;GS;35
TURKISH REPUBLIC OF NORTHERN CYPRUS;NY;35
UNITED STATES MINOR OUTLYING ISLAND;UM;35
FRENCH SOUTHERN & ANTARCTIC LANDS;TF;33
DEMOCRACTIC REPUBLIC OF THE CONGO;CD;33
BONAIRE, SINT EUSTATIUS AND SABA;BQ;32
SOUTH GEORGIA AND SOUTH SANDWICH;GS;32
LAO PEOPLE'S DEMOCRATIC REPUBLIC;LA;32
SAINT VINCENT AND THE GRENADINES;VC;32
DEMOCRATIC REPUBLIC OF THE CONGO;CD;32
BONAIRE,SINT EUSTATIUS AND SABA;BQ;31
BONAIRE, SINT EUSTATIUS & SABA;BQ;30
BRITISH INDIAN OCEAN TERRITORY;IO;30
HOLY SEE (VATICAN CITY STATES);VA;30
FEDERATED STATES OF MICRONESIA;FM;30
SOUTH GEORGIA & SOUTH SANDWICH;GS;30
SOUTH GEORGIA N SOUTH SANDWICH;GS;30
SOUTH GEORGIA / SOUTH SANDWICH;GS;30
ST. VINCENT AND THE GRENADINES;VC;30
SVALBARD AND JAN MAYEN ISLANDS;SJ;30
MICRONESIA,FEDERATED STATES OF;FM;30
BONAIRE, SINT EUSTATIUS, SABA;BQ;29
UNITED ARAB EMIRATES (U.A.E.);AE;29
ANGUILLA, BRITISH WEST INDIES;AI;29
ST. VINCENT & THE GRENADINES;VC;28
SVALBARD & JAN MAYEN ISLANDS;SJ;28
DEMOCRATIC REP. OF THE CONGO;CD;28
TANZANIA, UNITED REPUBLIC OF;TZ;28
HOLY SEE(VATICAN CITY STATE);VA;28
LAO PEOPLE'S DEMOCRATIC REP;LA;27
FALKLAND ISLANDS (MALVINAS);FK;27
FRENCH SOUTHERN TERRITORIES;TF;27
HEARD AND MCDONALD ISLANDS;HM;26
IRAN (ISLAMIC REPUBLIC OF);IR;26
SAINT MARTIN (FRENCH PART);MF;26
U S MINOR OUTLYING ISLANDS;UM;26
SAINT PIERRE AND MIQUELON;PM;25
SINT MAARTEN (DUTCH PART);SX;25
WALLIS AND FUTUNA ISLANDS;WF;25
S. GEORGIA & S. SANDWICH;GS;24
S. GEORGIA / S. SANDWICH;GS;24
HEARD & MCDONALD ISLANDS;HM;24
CENTRAL AFRICAN REPUBLIC;CF;24
NORTHERN MARIANA ISLANDS;MP;24
TURKS AND CAICOS ISLANDS;TC;24
UNITED STATES OF AMERICA;US;24
VIRGIN ISLANDS (BRITISH);VG;24
VIRGIN ISLANDS / BRITISH;VG;24
VIRGIN ISLANDS - BRITISH;VG;24
NEGARA BRUNEI DARUSSALAM;BN;24
SAINT PIERRE & MIQUELON;PM;23
WALLIS & FUTUNA ISLANDS;WF;23
COCOS (KEELING) ISLANDS;CC;23
VIRGIN ISLANDS, BRITISH;VG;23
TURKS & CAICOS ISLANDS;TC;22
BOSNIA AND HERZEGOVINA;BA;22
BRITISH VIRGIN ISLANDS;VG;22
LIBYAN ARAB JAMAHIRIYA;LY;22
VIRGIN ISLANDS BRITISH;VG;22
VIRGIN ISLANDS-BRITISH;VG;22
REPUBLIC OF SEYCHELLES;SC;22
BELIZE CENTRAL AMERICA;BZ;22
SOUTH ATLANTIC, OCEAN;GS;21
REPUBLIC OF THE CONGO;CG;21
SAINT KITTS AND NEVIS;KN;21
SAO TOME AND PRINCIPE;ST;21
COCOS(KEELING)ISLANDS;CC;21
BRITISHVIRGIN ISLANDS;VG;21
BRITISH VIRGINISLANDS;VG;21
SOUTH ATLANTIC OCEAN;GS;20
BOSNIA & HERZEGOVINA;BA;20
MOLDOVA, REPUBLIC OF;MD;20
SYRIAN ARAB REPUBLIC;SY;20
UNITED ARAB EMIRATES;AE;20
NETHERLANDS ANTILLES;AN;20
SAINT KITTS & NEVIS;KN;19
SAO TOME & PRINCIPE;ST;19
ANTIGUA AND BARBUDA;AG;19
BAILIWICK OF JERSEY;JE;19
REPUBLIC OF ARMENIA;AM;19
KINGDOM OF CAMBODIA;KH;19
VIRGIN ISLANDS, U.S;VI;19
U.S. VIRGIN ISLANDS;VI;19
TRINIDAD AND TOBAGO;TT;19
MOLDOVA REPUBLIC OF;MD;19
VIRGIN ISLANDS U.S.;VI;19
REPUBLIC OF LIBERIA;LR;19
DOMINICAN REPUBLIC;DO;18
KINGDOM OF BAHRAIN;BH;18
RUSSIAN FEDERATION;RU;18
KOREA, REPUBLIC OF;KR;18
BRUNEI DARUSSALAM.;BN;18
REPUBLIC OF PANAMA;PA;18
CONGO (DEM. REP.);CD;17
ANTIGUA & BARBUDA;AG;17
BRUNEI DARUSSALAM;BN;17
EQUATORIAL GUINEA;GQ;17
REPUBLIC OF KOREA;KR;17
SULTANATE OF OMAN;OM;17
TRINIDAD N TOBAGO;TT;17
TRINIDAD & TOBAGO;TT;17
WALLIS AND FUTUNA;WF;17
KOREA,REPUBLIC OF;KR;17
CHRISTMAS ISLAND;CX;16
FALKLAND ISLANDS;FK;16
FRENCH POLYNESIA;PF;16
PAPUA NEW GUINEA;PG;16
PITCAIRN ISLANDS;PN;16
MARSHALL ISLANDS;MH;16
SAINT BARTHELEMY;BL;16
ANGUILLA BRITISH;AI;16
WALLIS & FUTUNA;WF;15
ISLAND OF NEVIS;KN;15
KYRGYZ REPUBLIC;KG;15
NORTH MACEDONIA;MK;15
SLOVAK REPUBLIC;SK;15
SOLOMON ISLANDS;SB;15
TAIWAN (R.O.C.);TW;15
TUNISIA, AFRICA;TN;15
BULGARIA (REP.);BG;15
CHANNEL ISLANDS;CS;15
ANGUILLA, B.W.I;AI;15
CENTRAL AMERICA;BZ;15
SOUTH SANDWICH;GS;14
SOUTH ATLANTIC;GS;14
AMERICAN SAMOA;AS;14
CAYMAN ISLANDS;KY;14
CZECH REPUBLIC;CZ;14
NORFOLK ISLAND;NF;14
TAIWAN (R.O.C);TW;14
TAIWAN(R.O.C.);TW;14
UNITED KINGDOM;GB;14
WESTERN SAHARA;EH;14
FAEROE ISLANDS;FO;14
SOUTH GEORGIA;GS;13
TAIWAN, R.O.C;TW;13
ALAND ISLANDS;AX;13
BOUVET ISLAND;BV;13
COTE D'IVOIRE;CI;13
FAROE ISLANDS;FO;13
FRENCH GUIANA;GF;13
GUINEA-BISSAU;GW;13
NEW CALEDONIA;NC;13
TAIWAN(R.O.C);TW;13
UNITED STATES;US;13
WESTERN SAMOA;WS;13
LIECHTENSTEIN;LI;13
TAIWAN R.O.C;TW;12
BURKINA FASO;BF;12
COOK ISLANDS;CK;12
SAINT HELENA;SH;12
SAINT MARTIN;MF;12
SAINT-MARTIN;MF;12
SAUDI ARABIA;SA;12
SIERRA LEONE;SL;12
SINT MAARTEN;SX;12
SOUTH AFRICA;ZA;12
TAIWAN (OBU);TW;12
TURKMENISTAN;TM;12
EUROPE UNION;EU;12
BELIZE, C.A.;BZ;12
AFGHANISTAN;AF;11
EL SALVADOR;SV;11
ISLE OF MAN;IM;11
NETHERLANDS;NL;11
NEW ZEALAND;NZ;11
NORTH KOREA;KP;11
PHILIPPINES;PH;11
PUERTO RICO;PR;11
SAINT LUCIA;LC;11
SOUTH KOREA;KR;11
SOUTH SUDAN;SS;11
SWITZERLAND;CH;11
TAIWANR.O.C;TW;11
TIMOR-LESTE;TL;11
JERSEY C.I.;JE;11
TAIWAN ROC.;TW;11
EAST TIMOR;TL;10
ANTARCTICA;AQ;10
AZERBAIJAN;AZ;10
BANGLADESH;BD;10
CABO VERDE;CV;10
CAPE VERDE;CV;10
COSTA RICA;CR;10
GUADELOUPE;GP;10
KAZAKHSTAN;KZ;10
KYRGYZSTAN;KG;10
LUXEMBOURG;LU;10
MADAGASCAR;MG;10
MARTINIQUE;MQ;10
MAURITANIA;MR;10
MICRONESIA;FM;10
MONTENEGRO;ME;10
MONTSERRAT;MS;10
MOZAMBIQUE;MZ;10
P.R. CHINA;CN;10
SAN MARINO;SM;10
SEYCHELLES;SC;10
TAJIKISTAN;TJ;10
THE GAMBIA;GM;10
UZBEKISTAN;UZ;10
ARGENTINA;AR;9
AUSTRALIA;AU;9
GIBRALTAR;GI;9
GREENLAND;GL;9
GUAM, USA;GU;9
GUATEMALA;GT;9
HONG KONG;HK;9
INDONESIA;ID;9
LITHUANIA;LT;9
MAURITIUS;MU;9
NICARAGUA;NI;9
PALESTINE;PS;9
SINGAPORE;SG;9
SRI LANKA;LK;9
ST. LUCIA;LC;9
ST. KITTS;KN;9
VENEZUELA;VE;9
BELIZE CA;BZ;9
TAIWAN RO;TW;9
ANGUILLA;AI;8
BARBADOS;BB;8
BOTSWANA;BW;8
BULGARIA;BG;8
CAMBODIA;KH;8
CAMEROON;CM;8
COLOMBIA;CO;8
DJIBOUTI;DJ;8
DOMINICA;DM;8
ESWATINI;SZ;8
ETHIOPIA;ET;8
GUERNSEY;GG;8
HONDURAS;HN;8
HONGKONG;HK;8
KIRIBATI;KI;8
MALAYSIA;MY;8
MALDIVES;MV;8
MONGOLIA;MN;8
PAKISTAN;PK;8
PARAGUAY;PY;8
PITCAIRN;PN;8
PORTUGAL;PT;8
RAMALLAH;PS;8
SLOVAKIA;SK;8
SLOVENIA;SI;8
SURINAME;SR;8
TANZANIA;TZ;8
THAILAND;TH;8
ZIMBABWE;ZW;8
JAMAICIA;JM;8
ALBANIA;AL;7
ALGERIA;DZ;7
ANDORRA;AD;7
ARMENIA;AM;7
AUSTRIA;AT;7
BAHAMAS;BS;7
BAHRAIN;BH;7
BELARUS;BY;7
BELGIUM;BE;7
BERMUDA;BM;7
BOLIVIA;BO;7
BURUNDI;BI;7
COMOROS;KM;7
CROATIA;HR;7
CURACAO;CW;7
DENMARK;DK;7
ECUADOR;EC;7
ERITREA;ER;7
ESTONIA;EE;7
FINLAND;FI;7
GEORGIA;GE;7
GERMANY;DE;7
GRENADA;GD;7
HUNGARY;HU;7
ICELAND;IS;7
IRELAND;IE;7
JAMAICA;JM;7
LAO PDR;LA;7
LEBANON;LB;7
LESOTHO;LS;7
LIBERIA;LR;7
MAYOTTE;YT;7
MOLDOVA;MD;7
MOROCCO;MA;7
MYANMAR;MM;7
NAMIBIA;NA;7
NIGERIA;NG;7
REUNION;RE;7
ROMANIA;RO;7
SENEGAL;SN;7
SOMALIA;SO;7
TOKELAU;TK;7
TUNISIA;TN;7
TURKIYE;TR;7
UKRAINE;UA;7
URUGUAY;UY;7
VANUATU;VU;7
VIETNAM;VN;7
CZECHIA;CZ;7
ANGOLA;AO;6
BELIZE;BZ;6
BHUTAN;BT;6
BRAZIL;BR;6
CANADA;CA;6
CAYMAN;KY;6
CYPRUS;CY;6
FRANCE;FR;6
GAMBIA;GM;6
GREECE;GR;6
GUINEA;GN;6
GUYANA;GY;6
ISRAEL;IL;6
JERSEY;JE;6
JORDAN;JO;6
KOSOVO;XK;6
KUWAIT;KW;6
LATVIA;LV;6
MALAWI;MW;6
MEXICO;MX;6
MONACO;MC;6
NORWAY;NO;6
PANAMA;PA;6
POLAND;PL;6
RUSSIA;RU;6
RWANDA;RW;6
SERBIA;RS;6
SWEDEN;SE;6
TAIWAN;TW;6
TURKEY;TR;6
TUVALU;TV;6
UGANDA;UG;6
ZAMBIA;ZM;6
R.O.C.;TW;6
THE UK;GB;6
B.V.I.;VG;6
P.R.C;CN;5
U.S.A;US;5
ARUBA;AW;5
BENIN;BJ;5
CHILE;CL;5
CHINA;CN;5
EGYPT;EG;5
GABON;GA;5
GHANA;GH;5
HAITI;HT;5
INDIA;IN;5
ITALY;IT;5
JAPAN;JP;5
KENYA;KE;5
KOREA;KR;5
LIBYA;LY;5
MACAO;MO;5
MACAU;MO;5
MALTA;MT;5
NAURU;NR;5
NEPAL;NP;5
NIGER;NE;5
PALAU;PW;5
QATAR;QA;5
SAMOA;WS;5
SPAIN;ES;5
SUDAN;SD;5
SYRIA;SY;5
TONGA;TO;5
YEMEN;YE;5
CONGO;CG;5
B.V.I;VG;5
CHAD;TD;4
CUBA;CU;4
FIJI;FJ;4
IRAN;IR;4
IRAQ;IQ;4
LAOS;LA;4
MALI;ML;4
NIUE;NU;4
OMAN;OM;4
PERU;PE;4
TOGO;TG;4
U.K.;GB;4
GUAM;GU;4
ARE;AE;3
ARG;AR;3
AUS;AU;3
AUT;AT;3
BGD;BD;3
BRA;BR;3
CAN;CA;3
CHE;CH;3
CHL;CL;3
COL;CO;3
DEU;DE;3
DNK;DK;3
EGY;EG;3
ESP;ES;3
FIN;FI;3
FRA;FR;3
HKG;HK;3
IDN;ID;3
IND;IN;3
ISR;IL;3
ITA;IT;3
JPN;JP;3
KEN;KE;3
KOR;KR;3
LKA;LK;3
MAC;MO;3
MYS;MY;3
NGA;NG;3
NLD;NL;3
NOR;NO;3
NZL;NZ;3
PAK;PK;3
PER;PE;3
PHL;PH;3
PRC;CN;3
PRK;KP;3
PRT;PT;3
ROC;TW;3
RUS;RU;3
SAU;SA;3
SGP;SG;3
SWE;SE;3
THA;TH;3
TUR;TR;3
UAE;AE;3
USA;US;3
VNM;VN;3
ZAF;ZA;3
BVI;VG;3
UK;GB;2
